<?xml version='1.0' encoding='UTF-8'?>
<l:dependencies xmlns:l='licenses' groupId='org.jenkins-ci.plugins.pipeline-stage-view' artifactId='pipeline-rest-api' version='2.34'><l:dependency name='Pipeline: REST API Plugin' groupId='org.jenkins-ci.plugins.pipeline-stage-view' artifactId='pipeline-rest-api' version='2.34' url='https://github.com/jenkinsci/pipeline-stage-view-plugin/blob/master/rest-api/README.md'><l:description>Provides a REST API to access pipeline and pipeline run data</l:description><l:license name='MIT License' url='https://opensource.org/licenses/MIT'/></l:dependency><l:dependency name='Groovy Sandbox' groupId='org.kohsuke' artifactId='groovy-sandbox' version='1.33' url='https://github.com/jenkinsci/groovy-sandbox'><l:description>Executes untrusted Groovy script safely</l:description><l:license name='MIT License' url='https://opensource.org/licenses/MIT'/></l:dependency><l:dependency name='Script Security Plugin' groupId='org.jenkins-ci.plugins' artifactId='script-security' version='1244.ve463715a_f89c' url='https://github.com/jenkinsci/script-security-plugin'><l:description>The Jenkins Plugins Parent POM Project</l:description><l:license name='MIT License' url='https://opensource.org/licenses/MIT'/></l:dependency></l:dependencies>