<?xml version='1.0' encoding='UTF-8'?>
<l:dependencies xmlns:l='licenses' groupId='com.coravy.hudson.plugins.github' artifactId='github' version='1.40.0'><l:dependency name='GitHub plugin' groupId='com.coravy.hudson.plugins.github' artifactId='github' version='1.40.0' url='https://github.com/jenkinsci/github-plugin'><l:description>The Jenkins Plugins Parent POM Project</l:description><l:license name='MIT License' url='https://www.opensource.org/licenses/mit-license.php'/></l:dependency><l:dependency name='Caffeine cache' groupId='com.github.ben-manes.caffeine' artifactId='caffeine' version='3.1.8' url='https://github.com/ben-manes/caffeine'><l:description>A high performance caching library</l:description><l:license name='Apache License, Version 2.0' url='https://www.apache.org/licenses/LICENSE-2.0.txt'/></l:dependency><l:dependency name='Caffeine API Plugin' groupId='io.jenkins.plugins' artifactId='caffeine-api' version='3.1.8-133.v17b_1ff2e0599' url='https://github.com/jenkinsci/caffeine-api-plugin'><l:description>Jenkins plugin that packages Caffeine for use by other plugins.</l:description><l:license name='Apache License v2' url='https://www.apache.org/licenses/LICENSE-2.0.txt'/></l:dependency><l:dependency name='SnakeYAML' groupId='org.yaml' artifactId='snakeyaml' version='2.2' url='https://bitbucket.org/snakeyaml/snakeyaml'><l:description>YAML 1.1 parser and emitter for Java</l:description><l:license name='Apache License, Version 2.0' url='http://www.apache.org/licenses/LICENSE-2.0.txt'/></l:dependency><l:dependency name='SnakeYAML API Plugin' groupId='io.jenkins.plugins' artifactId='snakeyaml-api' version='2.2-111.vc6598e30cc65' url='https://github.com/jenkinsci/snakeyaml-api-plugin'><l:description>This plugin packages stock SnakeYAML library</l:description><l:license name='The MIT License (MIT)' url='https://opensource.org/licenses/MIT'/></l:dependency></l:dependencies>