<?xml version='1.0' encoding='UTF-8'?>
<l:dependencies xmlns:l='licenses' groupId='org.jenkinsci.plugins' artifactId='pipeline-model-api' version='2.2214.vb_b_34b_2ea_9b_83'><l:dependency name='Pipeline: Model API' groupId='org.jenkinsci.plugins' artifactId='pipeline-model-api' version='2.2214.vb_b_34b_2ea_9b_83' url='https://github.com/jenkinsci/pipeline-model-definition-plugin'><l:description>Model API for Declarative Pipeline</l:description><l:license name='MIT' url='https://opensource.org/licenses/MIT'/></l:dependency><l:dependency name='jackson-coreutils-equivalence' groupId='com.github.java-json-tools' artifactId='jackson-coreutils-equivalence' version='1.0' url='https://github.com/java-json-tools/jackson-coreutils'><l:description>JSON Pointer (RFC 6901) and numeric equality for Jackson (2.2.x)</l:description><l:license name='Lesser General Public License, version 3 or greater' url='http://www.gnu.org/licenses/lgpl.html'/><l:license name='Apache Software License, version 2.0' url='http://www.apache.org/licenses/LICENSE-2.0'/></l:dependency><l:dependency name='json-schema-core' groupId='com.github.java-json-tools' artifactId='json-schema-core' version='1.2.14' url='https://github.com/java-json-tools/json-schema-core'><l:description>Core processing architecture for json-schema-validator</l:description><l:license name='Lesser General Public License, version 3 or greater' url='http://www.gnu.org/licenses/lgpl.html'/><l:license name='Apache Software License, version 2.0' url='http://www.apache.org/licenses/LICENSE-2.0'/></l:dependency><l:dependency name='JavaMail API (no providers)' groupId='com.sun.mail' artifactId='mailapi' version='1.6.2' url='http://javaee.github.io/javamail/mailapi'><l:description>JavaMail API (no providers)</l:description><l:license name='CDDL/GPLv2+CE' url='https://javaee.github.io/javamail/LICENSE'/></l:dependency><l:dependency name='uri-template' groupId='com.github.java-json-tools' artifactId='uri-template' version='0.10' url='https://github.com/java-json-tools/uri-template'><l:description>null</l:description><l:license name='Lesser General Public License, version 3 or greater' url='http://www.gnu.org/licenses/lgpl.html'/><l:license name='Apache Software License, version 2.0' url='http://www.apache.org/licenses/LICENSE-2.0'/></l:dependency><l:dependency name='JOpt Simple' groupId='net.sf.jopt-simple' artifactId='jopt-simple' version='5.0.4' url='http://jopt-simple.github.io/jopt-simple'><l:description>A Java library for parsing command line options</l:description><l:license name='The MIT License' url='http://www.opensource.org/licenses/mit-license.php'/></l:dependency><l:dependency name='libphonenumber' groupId='com.googlecode.libphonenumber' artifactId='libphonenumber' version='8.11.1' url='https://github.com/google/libphonenumber/'><l:description>Google's common Java library for parsing, formatting, storing and validating international phone numbers.
    Optimized for running on smartphones.</l:description><l:license name='The Apache Software License, Version 2.0' url='http://www.apache.org/licenses/LICENSE-2.0.txt'/></l:dependency><l:dependency name='msg-simple' groupId='com.github.java-json-tools' artifactId='msg-simple' version='1.2' url='https://github.com/java-json-tools/msg-simple'><l:description>A lightweight, UTF-8 capable, printf() capable alternative to Java's ResourceBundle</l:description><l:license name='Lesser General Public License, version 3 or greater' url='http://www.gnu.org/licenses/lgpl.html'/><l:license name='Apache Software License, version 2.0' url='http://www.apache.org/licenses/LICENSE-2.0'/></l:dependency><l:dependency name='jackson-coreutils' groupId='com.github.java-json-tools' artifactId='jackson-coreutils' version='2.0' url='https://github.com/java-json-tools/jackson-coreutils'><l:description>JSON Pointer (RFC 6901) and numeric equality for Jackson (2.2.x)</l:description><l:license name='Lesser General Public License, version 3 or greater' url='http://www.gnu.org/licenses/lgpl.html'/><l:license name='Apache Software License, version 2.0' url='http://www.apache.org/licenses/LICENSE-2.0'/></l:dependency><l:dependency name='rhino' groupId='org.mozilla' artifactId='rhino' version='1.7.15' url='https://mozilla.github.io/rhino/'><l:description>Rhino is an open-source implementation of JavaScript written entirely in Java.
    It is typically embedded into Java applications to provide scripting to end users.
    Full jar including tools, excluding the JSR-223 Script Engine wrapper.</l:description><l:license name='Mozilla Public License, Version 2.0' url='http://www.mozilla.org/MPL/2.0/index.txt'/></l:dependency><l:dependency name='json-schema-validator' groupId='com.github.java-json-tools' artifactId='json-schema-validator' version='2.2.14' url='https://github.com/java-json-tools/json-schema-validator'><l:description>A Java implementation of the JSON Schema specification</l:description><l:license name='Lesser General Public License, version 3 or greater' url='http://www.gnu.org/licenses/lgpl.html'/><l:license name='Apache Software License, version 2.0' url='http://www.apache.org/licenses/LICENSE-2.0'/></l:dependency><l:dependency name='btf' groupId='com.github.java-json-tools' artifactId='btf' version='1.3' url='https://github.com/java-json-tools/btf'><l:description>Generic interfaces to the classical builder pattern and the less classical "freeze/thaw" pattern</l:description><l:license name='Lesser General Public License, version 3 or greater' url='http://www.gnu.org/licenses/lgpl.html'/><l:license name='Apache Software License, version 2.0' url='http://www.apache.org/licenses/LICENSE-2.0'/></l:dependency><l:dependency name='Byte Buddy (without dependencies)' groupId='net.bytebuddy' artifactId='byte-buddy' version='1.14.15' url='https://bytebuddy.net/byte-buddy'><l:description>Byte Buddy is a Java library for creating Java classes at run time.
        This artifact is a build of Byte Buddy with all ASM dependencies repackaged into its own name space.</l:description><l:license name='Apache License, Version 2.0' url='https://www.apache.org/licenses/LICENSE-2.0.txt'/></l:dependency></l:dependencies>