<?xml version='1.0' encoding='UTF-8'?>
<l:dependencies xmlns:l='licenses' groupId='org.jenkins-ci.plugins' artifactId='github-api' version='1.321-468.v6a_9f5f2d5a_7e'><l:dependency name='GitHub API Plugin' groupId='org.jenkins-ci.plugins' artifactId='github-api' version='1.321-468.v6a_9f5f2d5a_7e' url='https://github.com/jenkinsci/github-api-plugin'><l:description>The Jenkins Plugins Parent POM Project</l:description><l:license name='The MIT License (MIT)' url='https://opensource.org/licenses/MIT'/></l:dependency><l:dependency name='GitHub API for Java' groupId='org.kohsuke' artifactId='github-api' version='1.321' url='https://github-api.kohsuke.org/'><l:description>GitHub API for Java</l:description><l:license name='The MIT license' url='https://www.opensource.org/licenses/mit-license.php'/></l:dependency></l:dependencies>