<?xml version='1.0' encoding='UTF-8'?>
<l:dependencies xmlns:l='licenses' groupId='org.jenkins-ci.plugins' artifactId='matrix-project' version='838.v4d7b_7b_f9b_d4b_'><l:dependency name='Matrix Project Plugin' groupId='org.jenkins-ci.plugins' artifactId='matrix-project' version='838.v4d7b_7b_f9b_d4b_' url='https://github.com/jenkinsci/matrix-project-plugin'><l:description>Multi-configuration (matrix) project type.</l:description><l:license name='MIT License' url='https://opensource.org/licenses/MIT'/></l:dependency><l:dependency name='Byte Buddy (without dependencies)' groupId='net.bytebuddy' artifactId='byte-buddy' version='1.15.0' url='https://bytebuddy.net/byte-buddy'><l:description>Byte Buddy is a Java library for creating Java classes at run time.
        This artifact is a build of Byte Buddy with all ASM dependencies repackaged into its own name space.</l:description><l:license name='Apache License, Version 2.0' url='https://www.apache.org/licenses/LICENSE-2.0.txt'/></l:dependency></l:dependencies>