<?xml version="1.0" encoding="utf-8" ?>
<introContent>
  	<extensionContent id="orgeclipsecdtdocuserwelcome-introExtension" style="css/sample.css" 
  	                  alt-style="swt/overview.properties"
  	                  name="CDT intro overview page" path="overview/@">
		<group style-id="content-group" id="orgeclipsecdtdocuserwelcome-introLink-group">
       		<link label="C/C++ Development" 
       		      url="http://org.eclipse.ui.intro/showHelpTopic?id=/org.eclipse.cdt.doc.user/concepts/cdt_o_home.htm"  
       		      id="orgeclipsecdtdocuserwelcome-introLink" 
       		      style-id="content-link">
          		<text>Get familiar with the C/C++ Development Tools
          		</text></link>
       	</group>
  	</extensionContent>
 

</introContent>
