<?xml version='1.0' encoding='UTF-8'?>
<l:dependencies xmlns:l='licenses' groupId='org.jenkins-ci.plugins' artifactId='pam-auth' version='1.11'><l:dependency name='PAM Authentication plugin' groupId='org.jenkins-ci.plugins' artifactId='pam-auth' version='1.11' url='https://github.com/jenkinsci/pam-auth-plugin'><l:description>The Jenkins Plugins Parent POM Project</l:description><l:license name='The MIT license' url='https://opensource.org/licenses/MIT'/></l:dependency><l:dependency name='Java binding for libpam.so' groupId='org.kohsuke' artifactId='libpam4j' version='1.11' url='http://kohsuke.org/libpam4j/'><l:description>Java binding for libpam.so</l:description><l:license name='The MIT license' url='http://www.opensource.org/licenses/mit-license.php'/></l:dependency></l:dependencies>