<?xml version="1.0" encoding="UTF-8"?>
<java version="12.0.1" class="java.beans.XMLDecoder">
 <object class="org.eclipse.epp.internal.mpc.ui.catalog.MarketplaceInfo" id="MarketplaceInfo0">
  <void property="iuToNodeKey">
   <void method="put">
    <string>ilg.gnumcueclipse.managedbuild.cross.riscv.feature</string>
    <object class="java.util.ArrayList">
     <void method="add">
      <string>https://marketplace.eclipse.org#2593184</string>
     </void>
    </object>
   </void>
   <void method="put">
    <string>net.officefloor.feature</string>
    <object class="java.util.ArrayList">
     <void method="add">
      <string>https://marketplace.eclipse.org#32712</string>
     </void>
    </object>
   </void>
   <void method="put">
    <string>org.eclipse.wst.xml_ui.feature</string>
    <object class="java.util.ArrayList">
     <void method="add">
      <string>https://marketplace.eclipse.org#2963400</string>
     </void>
    </object>
   </void>
   <void method="put">
    <string>no.javatime.inplace.runtime.source</string>
    <object class="java.util.ArrayList">
     <void method="add">
      <string>https://marketplace.eclipse.org#485277</string>
     </void>
    </object>
   </void>
   <void method="put">
    <string>org.eclipse.wst.web_ui.feature</string>
    <object class="java.util.ArrayList">
     <void method="add">
      <string>https://marketplace.eclipse.org#2963400</string>
     </void>
    </object>
   </void>
   <void method="put">
    <string>org.eclipse.egit</string>
    <object class="java.util.ArrayList">
     <void method="add">
      <string>https://marketplace.eclipse.org#2963400</string>
     </void>
    </object>
   </void>
   <void method="put">
    <string>ilg.gnumcueclipse.debug.gdbjtag.qemu.feature</string>
    <object class="java.util.ArrayList">
     <void method="add">
      <string>https://marketplace.eclipse.org#2593184</string>
     </void>
    </object>
   </void>
   <void method="put">
    <string>com.so.eclipse.helper</string>
    <object class="java.util.ArrayList">
     <void method="add">
      <string>https://marketplace.eclipse.org#2563246</string>
     </void>
    </object>
   </void>
   <void method="put">
    <string>de.jcup.asciidoctoreditor</string>
    <object class="java.util.ArrayList">
     <void method="add">
      <string>https://marketplace.eclipse.org#3976500</string>
     </void>
    </object>
   </void>
   <void method="put">
    <string>ABAP_Favorites_Feature_Project</string>
    <object class="java.util.ArrayList">
     <void method="add">
      <string>https://marketplace.eclipse.org#3522403</string>
     </void>
    </object>
   </void>
   <void method="put">
    <string>cc.arduino.create.feature</string>
    <object class="java.util.ArrayList">
     <void method="add">
      <string>https://marketplace.eclipse.org#4895924</string>
     </void>
    </object>
   </void>
   <void method="put">
    <string>ilg.gnumcueclipse.packs.feature</string>
    <object class="java.util.ArrayList">
     <void method="add">
      <string>https://marketplace.eclipse.org#2593184</string>
     </void>
    </object>
   </void>
   <void method="put">
    <string>ilg.gnumcueclipse.managedbuild.cross.arm.feature</string>
    <object class="java.util.ArrayList">
     <void method="add">
      <string>https://marketplace.eclipse.org#2593184</string>
     </void>
    </object>
   </void>
   <void method="put">
    <string>ilg.gnumcueclipse.templates.freescale.feature</string>
    <object class="java.util.ArrayList">
     <void method="add">
      <string>https://marketplace.eclipse.org#2593184</string>
     </void>
    </object>
   </void>
   <void method="put">
    <string>com.yakindu.sct.product.scxml.feature.feature.group</string>
    <object class="java.util.ArrayList">
     <void method="add">
      <string>https://marketplace.eclipse.org#588773</string>
     </void>
    </object>
   </void>
   <void method="put">
    <string>com.aspose.cells.java.maven</string>
    <object class="java.util.ArrayList">
     <void method="add">
      <string>https://marketplace.eclipse.org#5277005</string>
     </void>
    </object>
   </void>
   <void method="put">
    <string>org.eclipse.xtext.sdk</string>
    <object class="java.util.ArrayList">
     <void method="add">
      <string>https://marketplace.eclipse.org#1073</string>
     </void>
    </object>
   </void>
   <void method="put">
    <string>com.yakindu.sct.product.editor.feature.feature.group</string>
    <object class="java.util.ArrayList">
     <void method="add">
      <string>https://marketplace.eclipse.org#588773</string>
     </void>
    </object>
   </void>
   <void method="put">
    <string>ilg.gnumcueclipse.debug.gdbjtag.openocd.feature</string>
    <object class="java.util.ArrayList">
     <void method="add">
      <string>https://marketplace.eclipse.org#2593184</string>
     </void>
    </object>
   </void>
   <void method="put">
    <string>ilg.gnumcueclipse.templates.cortexm.feature</string>
    <object class="java.util.ArrayList">
     <void method="add">
      <string>https://marketplace.eclipse.org#2593184</string>
     </void>
    </object>
   </void>
   <void method="put">
    <string>com.jfrog.ide.eclipse</string>
    <object class="java.util.ArrayList">
     <void method="add">
      <string>https://marketplace.eclipse.org#4583532</string>
     </void>
    </object>
   </void>
   <void method="put">
    <string>net.officefloor.woof.feature</string>
    <object class="java.util.ArrayList">
     <void method="add">
      <string>https://marketplace.eclipse.org#32712</string>
     </void>
    </object>
   </void>
   <void method="put">
    <string>ilg.gnumcueclipse.templates.stm.feature</string>
    <object class="java.util.ArrayList">
     <void method="add">
      <string>https://marketplace.eclipse.org#2593184</string>
     </void>
    </object>
   </void>
   <void method="put">
    <string>org.eclipse.wst.xsl.feature</string>
    <object class="java.util.ArrayList">
     <void method="add">
      <string>https://marketplace.eclipse.org#2963400</string>
     </void>
    </object>
   </void>
   <void method="put">
    <string>net.sf.eclipsecs</string>
    <object class="java.util.ArrayList">
     <void method="add">
      <string>https://marketplace.eclipse.org#150</string>
     </void>
    </object>
   </void>
   <void method="put">
    <string>no.javatime.inplace.runtime</string>
    <object class="java.util.ArrayList">
     <void method="add">
      <string>https://marketplace.eclipse.org#485277</string>
     </void>
    </object>
   </void>
   <void method="put">
    <string>org.eclipse.tm.terminal.feature</string>
    <object class="java.util.ArrayList">
     <void method="add">
      <string>https://marketplace.eclipse.org#2963400</string>
     </void>
     <void method="add">
      <string>https://marketplace.eclipse.org#1687099</string>
     </void>
    </object>
   </void>
   <void method="put">
    <string>ilg.gnumcueclipse.codered.feature</string>
    <object class="java.util.ArrayList">
     <void method="add">
      <string>https://marketplace.eclipse.org#2593184</string>
     </void>
    </object>
   </void>
   <void method="put">
    <string>com.cthing.cmakeed.feature</string>
    <object class="java.util.ArrayList">
     <void method="add">
      <string>https://marketplace.eclipse.org#2983824</string>
     </void>
    </object>
   </void>
   <void method="put">
    <string>org.eclipse.jst.server_adapters.feature</string>
    <object class="java.util.ArrayList">
     <void method="add">
      <string>https://marketplace.eclipse.org#2177882</string>
     </void>
    </object>
   </void>
   <void method="put">
    <string>com.yakindu.sct.product.java.feature.feature.group</string>
    <object class="java.util.ArrayList">
     <void method="add">
      <string>https://marketplace.eclipse.org#588773</string>
     </void>
    </object>
   </void>
   <void method="put">
    <string>com.google.eclipse.mechanic.feature</string>
    <object class="java.util.ArrayList">
     <void method="add">
      <string>https://marketplace.eclipse.org#1976579</string>
     </void>
    </object>
   </void>
   <void method="put">
    <string>ilg.gnumcueclipse.debug.gdbjtag.jlink.feature</string>
    <object class="java.util.ArrayList">
     <void method="add">
      <string>https://marketplace.eclipse.org#2593184</string>
     </void>
    </object>
   </void>
   <void method="put">
    <string>org.eclipse.cvs</string>
    <object class="java.util.ArrayList">
     <void method="add">
      <string>https://marketplace.eclipse.org#2963400</string>
     </void>
    </object>
   </void>
   <void method="put">
    <string>ilg.gnumcueclipse.templates.ad.feature</string>
    <object class="java.util.ArrayList">
     <void method="add">
      <string>https://marketplace.eclipse.org#2593184</string>
     </void>
    </object>
   </void>
   <void method="put">
    <string>org.eclipse.ocl.master</string>
    <object class="java.util.ArrayList">
     <void method="add">
      <string>https://marketplace.eclipse.org#710668</string>
     </void>
    </object>
   </void>
   <void method="put">
    <string>ilg.gnumcueclipse.debug.gdbjtag.pyocd.feature</string>
    <object class="java.util.ArrayList">
     <void method="add">
      <string>https://marketplace.eclipse.org#2593184</string>
     </void>
    </object>
   </void>
   <void method="put">
    <string>org.jkiss.dbeaver.git.feature</string>
    <object class="java.util.ArrayList">
     <void method="add">
      <string>https://marketplace.eclipse.org#4708777</string>
     </void>
    </object>
   </void>
   <void method="put">
    <string>org.eclipse.epp.mpc</string>
    <object class="java.util.ArrayList">
     <void method="add">
      <string>https://marketplace.eclipse.org#4123770</string>
     </void>
    </object>
   </void>
   <void method="put">
    <string>dev.jbang.eclipse.feature</string>
    <object class="java.util.ArrayList">
     <void method="add">
      <string>https://marketplace.eclipse.org#5391163</string>
     </void>
    </object>
   </void>
   <void method="put">
    <string>org.eclipse.jst.server_adapters.ext.feature</string>
    <object class="java.util.ArrayList">
     <void method="add">
      <string>https://marketplace.eclipse.org#2177882</string>
     </void>
    </object>
   </void>
   <void method="put">
    <string>ilg.gnumcueclipse.templates.sifive.feature</string>
    <object class="java.util.ArrayList">
     <void method="add">
      <string>https://marketplace.eclipse.org#2593184</string>
     </void>
    </object>
   </void>
   <void method="put">
    <string>org.eclipse.wst.xml.xpath2.processor.feature</string>
    <object class="java.util.ArrayList">
     <void method="add">
      <string>https://marketplace.eclipse.org#2963400</string>
     </void>
    </object>
   </void>
   <void method="put">
    <string>com.yakindu.sct.product.python.feature.feature.group</string>
    <object class="java.util.ArrayList">
     <void method="add">
      <string>https://marketplace.eclipse.org#588773</string>
     </void>
    </object>
   </void>
   <void method="put">
    <string>org.eclipse.wst.server_adapters.feature</string>
    <object class="java.util.ArrayList">
     <void method="add">
      <string>https://marketplace.eclipse.org#2963400</string>
     </void>
    </object>
   </void>
   <void method="put">
    <string>org.eclipse.wst.jsdt.feature</string>
    <object class="java.util.ArrayList">
     <void method="add">
      <string>https://marketplace.eclipse.org#2963400</string>
     </void>
    </object>
   </void>
   <void method="put">
    <string>com.yakindu.sct.product.c.feature.feature.group</string>
    <object class="java.util.ArrayList">
     <void method="add">
      <string>https://marketplace.eclipse.org#588773</string>
     </void>
    </object>
   </void>
   <void method="put">
    <string>org.jboss.ide.eclipse.freemarker.feature</string>
    <object class="java.util.ArrayList">
     <void method="add">
      <string>https://marketplace.eclipse.org#4770582</string>
     </void>
    </object>
   </void>
  </void>
  <void property="nodeKeyToIU">
   <void method="put">
    <string>https://marketplace.eclipse.org#150</string>
    <object class="java.util.ArrayList">
     <void method="add">
      <string>net.sf.eclipsecs</string>
     </void>
    </object>
   </void>
   <void method="put">
    <string>https://marketplace.eclipse.org#2177882</string>
    <object class="java.util.ArrayList">
     <void method="add">
      <string>org.eclipse.jst.server_adapters.feature</string>
     </void>
     <void method="add">
      <string>org.eclipse.jst.server_adapters.ext.feature</string>
     </void>
    </object>
   </void>
   <void method="put">
    <string>https://marketplace.eclipse.org#5277005</string>
    <object class="java.util.ArrayList">
     <void method="add">
      <string>com.aspose.cells.java.maven</string>
     </void>
    </object>
   </void>
   <void method="put">
    <string>https://marketplace.eclipse.org#710668</string>
    <object class="java.util.ArrayList">
     <void method="add">
      <string>org.eclipse.ocl.master</string>
     </void>
    </object>
   </void>
   <void method="put">
    <string>https://marketplace.eclipse.org#1976579</string>
    <object class="java.util.ArrayList">
     <void method="add">
      <string>com.google.eclipse.mechanic.feature</string>
     </void>
    </object>
   </void>
   <void method="put">
    <string>https://marketplace.eclipse.org#4583532</string>
    <object class="java.util.ArrayList">
     <void method="add">
      <string>com.jfrog.ide.eclipse</string>
     </void>
    </object>
   </void>
   <void method="put">
    <string>https://marketplace.eclipse.org#2963400</string>
    <object class="java.util.ArrayList">
     <void method="add">
      <string>org.eclipse.wst.web_ui.feature</string>
     </void>
     <void method="add">
      <string>org.eclipse.wst.xml_ui.feature</string>
     </void>
     <void method="add">
      <string>org.eclipse.wst.jsdt.feature</string>
     </void>
     <void method="add">
      <string>org.eclipse.egit</string>
     </void>
     <void method="add">
      <string>org.eclipse.cvs</string>
     </void>
     <void method="add">
      <string>org.eclipse.wst.xsl.feature</string>
     </void>
     <void method="add">
      <string>org.eclipse.wst.xml.xpath2.processor.feature</string>
     </void>
     <void method="add">
      <string>org.eclipse.tm.terminal.feature</string>
     </void>
     <void method="add">
      <string>org.eclipse.wst.server_adapters.feature</string>
     </void>
    </object>
   </void>
   <void method="put">
    <string>https://marketplace.eclipse.org#588773</string>
    <object class="java.util.ArrayList">
     <void method="add">
      <string>com.yakindu.sct.product.editor.feature.feature.group</string>
     </void>
     <void method="add">
      <string>com.yakindu.sct.product.c.feature.feature.group</string>
     </void>
     <void method="add">
      <string>com.yakindu.sct.product.java.feature.feature.group</string>
     </void>
     <void method="add">
      <string>com.yakindu.sct.product.python.feature.feature.group</string>
     </void>
     <void method="add">
      <string>com.yakindu.sct.product.scxml.feature.feature.group</string>
     </void>
    </object>
   </void>
   <void method="put">
    <string>https://marketplace.eclipse.org#32712</string>
    <object class="java.util.ArrayList">
     <void method="add">
      <string>net.officefloor.feature</string>
     </void>
     <void method="add">
      <string>net.officefloor.woof.feature</string>
     </void>
    </object>
   </void>
   <void method="put">
    <string>https://marketplace.eclipse.org#4708777</string>
    <object class="java.util.ArrayList">
     <void method="add">
      <string>org.jkiss.dbeaver.git.feature</string>
     </void>
    </object>
   </void>
   <void method="put">
    <string>https://marketplace.eclipse.org#2983824</string>
    <object class="java.util.ArrayList">
     <void method="add">
      <string>com.cthing.cmakeed.feature</string>
     </void>
    </object>
   </void>
   <void method="put">
    <string>https://marketplace.eclipse.org#3976500</string>
    <object class="java.util.ArrayList">
     <void method="add">
      <string>de.jcup.asciidoctoreditor</string>
     </void>
    </object>
   </void>
   <void method="put">
    <string>https://marketplace.eclipse.org#3522403</string>
    <object class="java.util.ArrayList">
     <void method="add">
      <string>ABAP_Favorites_Feature_Project</string>
     </void>
    </object>
   </void>
   <void method="put">
    <string>https://marketplace.eclipse.org#2593184</string>
    <object class="java.util.ArrayList">
     <void method="add">
      <string>ilg.gnumcueclipse.managedbuild.cross.arm.feature</string>
     </void>
     <void method="add">
      <string>ilg.gnumcueclipse.templates.stm.feature</string>
     </void>
     <void method="add">
      <string>ilg.gnumcueclipse.templates.freescale.feature</string>
     </void>
     <void method="add">
      <string>ilg.gnumcueclipse.debug.gdbjtag.jlink.feature</string>
     </void>
     <void method="add">
      <string>ilg.gnumcueclipse.debug.gdbjtag.openocd.feature</string>
     </void>
     <void method="add">
      <string>ilg.gnumcueclipse.debug.gdbjtag.qemu.feature</string>
     </void>
     <void method="add">
      <string>ilg.gnumcueclipse.templates.cortexm.feature</string>
     </void>
     <void method="add">
      <string>ilg.gnumcueclipse.packs.feature</string>
     </void>
     <void method="add">
      <string>ilg.gnumcueclipse.templates.ad.feature</string>
     </void>
     <void method="add">
      <string>ilg.gnumcueclipse.codered.feature</string>
     </void>
     <void method="add">
      <string>ilg.gnumcueclipse.managedbuild.cross.riscv.feature</string>
     </void>
     <void method="add">
      <string>ilg.gnumcueclipse.debug.gdbjtag.pyocd.feature</string>
     </void>
     <void method="add">
      <string>ilg.gnumcueclipse.templates.sifive.feature</string>
     </void>
    </object>
   </void>
   <void method="put">
    <string>https://marketplace.eclipse.org#5391163</string>
    <object class="java.util.ArrayList">
     <void method="add">
      <string>dev.jbang.eclipse.feature</string>
     </void>
    </object>
   </void>
   <void method="put">
    <string>https://marketplace.eclipse.org#4123770</string>
    <object class="java.util.ArrayList">
     <void method="add">
      <string>org.eclipse.epp.mpc</string>
     </void>
    </object>
   </void>
   <void method="put">
    <string>https://marketplace.eclipse.org#485277</string>
    <object class="java.util.ArrayList">
     <void method="add">
      <string>no.javatime.inplace.runtime</string>
     </void>
     <void method="add">
      <string>no.javatime.inplace.runtime.source</string>
     </void>
    </object>
   </void>
   <void method="put">
    <string>https://marketplace.eclipse.org#1687099</string>
    <object class="java.util.ArrayList">
     <void method="add">
      <string>org.eclipse.tm.terminal.feature</string>
     </void>
    </object>
   </void>
   <void method="put">
    <string>https://marketplace.eclipse.org#4895924</string>
    <object class="java.util.ArrayList">
     <void method="add">
      <string>cc.arduino.create.feature</string>
     </void>
    </object>
   </void>
   <void method="put">
    <string>https://marketplace.eclipse.org#1073</string>
    <object class="java.util.ArrayList">
     <void method="add">
      <string>org.eclipse.xtext.sdk</string>
     </void>
    </object>
   </void>
   <void method="put">
    <string>https://marketplace.eclipse.org#2563246</string>
    <object class="java.util.ArrayList">
     <void method="add">
      <string>com.so.eclipse.helper</string>
     </void>
    </object>
   </void>
   <void method="put">
    <string>https://marketplace.eclipse.org#4770582</string>
    <object class="java.util.ArrayList">
     <void method="add">
      <string>org.jboss.ide.eclipse.freemarker.feature</string>
     </void>
    </object>
   </void>
  </void>
 </object>
</java>
